date,state,district,market,variety,min_price,max_price,modal_price,year,month,day,day_of_year,day_of_week,week_of_year,lag_1_price,lag_3_price,lag_7_price,price_change_1,price_change_3,rolling_mean_3,rolling_mean_7,rolling_std_7,predicted_next_price,predicted_change,predicted_change_percent
2026-07-29,Andhra Pradesh,Chittor,Bangarupalyam APMC,Neelam,2500.0,3500.0,3000.0,2026,7,29,210,2,31,3000.0,3500.0,3000.0,0.0,-500.0,3333.3333333333335,3214.285714285714,267.2612419124244,3134.053,134.052978515625,4.468432617187499
2026-07-29,Chattisgarh,Bilaspur,Tiphra APMC,Dusheri,3000.0,3200.0,3100.0,2026,7,29,210,2,31,3200.0,3400.0,4200.0,-100.0,-300.0,3233.3333333333335,3757.142857142858,528.7001130355555,3041.2212,-58.77880859375,-1.896090599798387
2026-07-29,Chattisgarh,Durg,Durg APMC,Dusheri,5000.0,6000.0,6000.0,2026,7,29,210,2,31,6000.0,6000.0,6000.0,0.0,0.0,5666.666666666667,5857.142857142857,377.9644730092272,5790.3706,-209.62939453125,-3.4938232421875
2026-07-29,Gujarat,Mehsana,Mehsana(Mehsana Veg) APMC,Badami,4000.0,6000.0,5000.0,2026,7,29,210,2,31,3000.0,3500.0,4500.0,2000.0,1500.0,3333.3333333333335,3714.285714285714,487.95003647426574,4494.566,-505.43408203125,-10.108681640625
2026-07-29,Haryana,Ambala,Naraingarh APMC,Mango,2200.0,3500.0,2600.0,2026,7,29,210,2,31,2500.0,2200.0,1850.0,100.0,400.0,2400.0,2364.285714285714,252.84100029182656,2644.6711,44.671142578125,1.718120868389423
2026-07-29,Haryana,Faridabad,Ballabhgarh APMC,Other,4000.0,5000.0,4500.0,2026,7,29,210,2,31,4500.0,4500.0,4500.0,0.0,0.0,4333.333333333333,4571.428571428572,449.8677054212184,4557.578,57.578125,1.2795138888888888
2026-07-29,Haryana,Faridabad,Faridabad APMC,Other,6500.0,6500.0,6500.0,2026,7,29,210,2,31,7000.0,5500.0,5500.0,-500.0,1000.0,6166.666666666667,5642.857142857143,748.0132415430951,6748.227,248.22705078125,3.8188777043269226
2026-07-29,Haryana,Fatehabad,Fatehabad APMC,Other,8000.0,8000.0,8000.0,2026,7,29,210,2,31,8000.0,12000.0,8000.0,0.0,-4000.0,10000.0,9285.714285714286,2058.663459163551,8018.329,18.3291015625,0.22911376953124998
2026-07-29,Haryana,Gurgaon,Gurgaon APMC,Other,5000.0,7000.0,6000.0,2026,7,29,210,2,31,4000.0,4000.0,4000.0,2000.0,2000.0,4000.0,4000.0,0.0,5468.849,-531.15087890625,-8.8525146484375
2026-07-29,Haryana,Gurgaon,Pataudi APMC,Other,4000.0,4500.0,4200.0,2026,7,29,210,2,31,3200.0,3200.0,2800.0,1000.0,1000.0,4133.333333333333,3600.0,1161.8950038622252,4001.6167,-198.38330078125,-4.723411923363095
2026-07-29,Haryana,Hissar,Barwala(Hisar) APMC,Other,4000.0,8000.0,6000.0,2026,7,29,210,2,31,9000.0,5000.0,4500.0,-3000.0,1000.0,7000.0,5642.857142857143,1772.810520855837,5876.4106,-123.58935546875,-2.059822591145833
2026-07-29,Haryana,Hissar,Hansi APMC,Other,4000.0,8000.0,6000.0,2026,7,29,210,2,31,6000.0,4000.0,4000.0,0.0,2000.0,5333.333333333333,4571.428571428572,975.9000729485332,5238.903,-761.09716796875,-12.684952799479166
2026-07-29,Haryana,Hissar,Uklana APMC,Other,4000.0,4500.0,4500.0,2026,7,29,210,2,31,5000.0,4000.0,4000.0,-500.0,500.0,4666.666666666667,4285.714285714285,487.9500364742664,4559.508,59.5078125,1.3223958333333334
2026-07-29,Haryana,Jhajar,Jhajjar APMC,Other,8000.0,8000.0,8000.0,2026,7,29,210,2,31,3000.0,6000.0,7200.0,5000.0,2000.0,4666.666666666667,4885.714285714285,1399.3195625357484,6865.205,-1134.794921875,-14.1849365234375
2026-07-29,Haryana,Jind,Narwana APMC,Other,4000.0,9000.0,6500.0,2026,7,29,210,2,31,5000.0,6000.0,6000.0,1500.0,500.0,5666.666666666667,5714.285714285715,487.9500364742664,5513.058,-986.94189453125,-15.183721454326923
2026-07-29,Haryana,Karnal,Tarori APMC,Chausa,3500.0,4000.0,3800.0,2026,7,29,210,2,31,4000.0,3000.0,2500.0,-200.0,800.0,3333.3333333333335,3071.4285714285716,534.5224838248488,3812.6477,12.647705078125,0.33283434416118424
2026-07-29,Haryana,Kurukshetra,Ladwa APMC,Dusheri,4000.0,6000.0,5000.0,2026,7,29,210,2,31,5000.0,2800.0,4000.0,0.0,2200.0,3933.3333333333335,3828.571428571429,734.1986237031633,4424.9756,-575.0244140625,-11.50048828125
2026-07-29,Haryana,Kurukshetra,Shahabad APMC,Other,3000.0,7000.0,4500.0,2026,7,29,210,2,31,3000.0,3200.0,4500.0,1500.0,1300.0,2700.0,3171.4285714285716,780.4150299985365,3746.2214,-753.778564453125,-16.750634765625
2026-07-29,Haryana,Kurukshetra,Thanesar APMC,Other,2000.0,7000.0,4500.0,2026,7,29,210,2,31,5000.0,4000.0,5000.0,-500.0,500.0,4333.333333333333,4285.714285714285,548.2656637937836,4373.3057,-126.6943359375,-2.8154296875
2026-07-29,Haryana,Mahendragarh-Narnaul,Mohindergarh APMC,Other,3500.0,4000.0,4000.0,2026,7,29,210,2,31,4000.0,3500.0,3500.0,0.0,500.0,3500.0,3571.4285714285716,345.0327796711771,3914.3574,-85.642578125,-2.141064453125
2026-07-29,Haryana,Mewat,Punhana APMC,Other,5000.0,5000.0,5000.0,2026,7,29,210,2,31,3000.0,3000.0,5000.0,2000.0,2000.0,3000.0,3500.0,866.0254037844386,4356.355,-643.64501953125,-12.872900390625
2026-07-29,Haryana,Mewat,Tauru APMC,Other,5000.0,5000.0,5000.0,2026,7,29,210,2,31,5000.0,5000.0,4000.0,0.0,0.0,5000.0,4542.857142857143,772.1337165222589,5007.479,7.47900390625,0.14958007812500002
2026-07-29,Haryana,Panipat,Panipat APMC,Other,3000.0,7000.0,5000.0,2026,7,29,210,2,31,5000.0,4000.0,5000.0,0.0,1000.0,4666.666666666667,4857.142857142857,377.9644730092272,4736.112,-263.88818359375,-5.277763671875
2026-07-29,Haryana,Rewari,Kosli APMC,Other,4000.0,4000.0,4000.0,2026,7,29,210,2,31,4000.0,4000.0,4000.0,0.0,0.0,4000.0,4000.0,0.0,3962.5764,-37.423583984375,-0.935589599609375
2026-07-29,Haryana,Rohtak,Meham APMC,Other,2500.0,5000.0,4000.0,2026,7,29,210,2,31,2500.0,4000.0,3000.0,1500.0,0.0,3166.6666666666665,3285.714285714286,566.9467095138406,3409.852,-590.14794921875,-14.75369873046875
2026-07-29,Haryana,Rohtak,Rohtak APMC,Other,4000.0,7000.0,5000.0,2026,7,29,210,2,31,5000.0,6000.0,7000.0,0.0,-1000.0,5333.333333333333,5428.571428571428,786.7957924694431,5216.444,216.44384765625,4.328876953125
2026-07-29,Haryana,Rohtak,Sampla APMC,Other,5000.0,5000.0,5000.0,2026,7,29,210,2,31,6000.0,4000.0,3000.0,-1000.0,1000.0,6000.0,4857.142857142857,1772.810520855837,4906.398,-93.60205078125,-1.8720410156249998
2026-07-29,Haryana,Sirsa,Sirsa APMC,Other,4000.0,10000.0,5500.0,2026,7,29,210,2,31,5000.0,4800.0,3000.0,500.0,700.0,4933.333333333333,4685.714285714285,944.1549509633315,5252.226,-247.77392578125,-4.50498046875
2026-07-29,Haryana,Sonipat,Ganaur APMC,Other,6000.0,8000.0,7000.0,2026,7,29,210,2,31,9000.0,7000.0,9000.0,-2000.0,0.0,8166.666666666667,6642.857142857143,2267.786838055363,7851.562,851.56201171875,12.165171595982143
2026-07-29,Haryana,Sonipat,Gohana APMC,Other,4000.0,6000.0,5000.0,2026,7,29,210,2,31,5000.0,5000.0,5000.0,0.0,0.0,5000.0,5000.0,0.0,4957.3735,-42.62646484375,-0.852529296875
2026-07-29,Haryana,Sonipat,Sonepat APMC,Other,6000.0,8000.0,7000.0,2026,7,29,210,2,31,6000.0,4000.0,4000.0,1000.0,3000.0,4666.666666666667,4142.857142857143,899.7354108424372,6999.0996,-0.900390625,-0.012862723214285714
2026-07-29,Haryana,Sonipat,Sonepat(Kharkhoda) APMC,Other,2500.0,5000.0,4200.0,2026,7,29,210,2,31,4200.0,4200.0,4500.0,0.0,0.0,4200.0,4271.428571428572,125.35663410560171,4170.645,-29.35498046875,-0.6989281063988095
2026-07-29,Haryana,Yamuna Nagar,Chhachrauli APMC,Other,2000.0,2000.0,2000.0,2026,7,29,210,2,31,2000.0,1900.0,1800.0,0.0,100.0,2000.0,2028.571428571429,275.1622897751175,2084.8413,84.84130859375,4.2420654296875
2026-07-29,Haryana,Yamuna Nagar,Jagadhri APMC,Other,3500.0,7000.0,6000.0,2026,7,29,210,2,31,7000.0,6100.0,5000.0,-1000.0,-100.0,6700.0,6014.285714285715,817.3709305420876,6315.678,315.67822265625,5.2613037109375
2026-07-29,Haryana,Yamuna Nagar,Radaur APMC,Other,2300.0,2500.0,2400.0,2026,7,29,210,2,31,2500.0,2800.0,2000.0,-100.0,-400.0,2700.0,2242.8571428571427,446.6808810815721,2440.473,40.472900390625,1.686370849609375
2026-07-29,Himachal Pradesh,Bilaspur,PMY Bilaspur,Other,8000.0,12000.0,8900.0,2026,7,29,210,2,31,9000.0,7800.0,7000.0,-100.0,1100.0,8400.0,7528.571428571428,903.1690238899278,8690.827,-209.1728515625,-2.3502567591292136
2026-07-29,Himachal Pradesh,Chamba,PMY Chamba,Dusheri,5500.0,6000.0,5750.0,2026,7,29,210,2,31,5750.0,5750.0,5750.0,0.0,0.0,5750.0,5750.0,0.0,5675.7134,-74.28662109375,-1.2919412364130434
2026-07-29,Himachal Pradesh,Hamirpur,PMY Hamirpur,Other,7000.0,10000.0,8500.0,2026,7,29,210,2,31,8500.0,8000.0,8000.0,0.0,500.0,7900.0,7914.285714285715,393.3978962347221,8180.4097,-319.59033203125,-3.759886259191177
2026-07-29,Himachal Pradesh,Hamirpur,SMY Nadaun,Other,7000.0,10000.0,8500.0,2026,7,29,210,2,31,12000.0,8000.0,9500.0,-3500.0,500.0,10666.666666666666,9871.42857142857,1538.087866707973,9142.909,642.9091796875,7.563637408088235
2026-07-29,Himachal Pradesh,Kangra,PMY Kangra,Other,4000.0,6500.0,5500.0,2026,7,29,210,2,31,5000.0,5000.0,5000.0,500.0,500.0,5000.0,5000.0,0.0,5266.2764,-233.7236328125,-4.249520596590909
2026-07-29,Himachal Pradesh,Kangra,SMY Jaisinghpur,Other,7500.0,9500.0,8500.0,2026,7,29,210,2,31,7500.0,10000.0,10000.0,1000.0,-1500.0,9166.666666666666,9500.0,957.4271077563384,8416.099,-83.9013671875,-0.9870749080882353
2026-07-29,Himachal Pradesh,Kangra,SMY Nagrota Bagwan,Other,4000.0,6000.0,5000.0,2026,7,29,210,2,31,5000.0,5000.0,5000.0,0.0,0.0,5000.0,5000.0,0.0,4957.3735,-42.62646484375,-0.852529296875
2026-07-29,Himachal Pradesh,Kangra,SMY Palampur,Other,7000.0,9000.0,8000.0,2026,7,29,210,2,31,6000.0,9000.0,11500.0,2000.0,-1000.0,8000.0,8785.714285714286,1629.3440105643454,8081.3784,81.37841796875,1.0172302246093752
2026-07-29,Himachal Pradesh,Kullu,PMY Kullu,Other,7000.0,8000.0,7500.0,2026,7,29,210,2,31,7000.0,7000.0,8000.0,500.0,500.0,6866.666666666667,7371.428571428572,836.0906763309937,7061.044,-438.9560546875,-5.852747395833333
2026-07-29,Himachal Pradesh,Kullu,SMY Bhuntar,Other,5500.0,10000.0,8000.0,2026,7,29,210,2,31,8000.0,8000.0,8000.0,0.0,0.0,8000.0,7857.142857142857,377.96447300922625,7882.9043,-117.095703125,-1.4636962890625
2026-07-29,Himachal Pradesh,Mandi,PMY Kangni Mandi,Other,5000.0,10000.0,8000.0,2026,7,29,210,2,31,6500.0,11000.0,8000.0,1500.0,-3000.0,8666.666666666666,8285.714285714286,1349.603116263656,7649.6426,-350.357421875,-4.3794677734375
2026-07-29,Himachal Pradesh,Mandi,SMY Dhanotu,Other,6500.0,7000.0,6750.0,2026,7,29,210,2,31,6500.0,6000.0,6500.0,250.0,750.0,6333.333333333333,6642.857142857143,626.7831705280073,6776.6055,26.60546875,0.39415509259259257
2026-07-29,Himachal Pradesh,Shimla,SMY Rohroo,Other,6000.0,9000.0,7500.0,2026,7,29,210,2,31,7000.0,8500.0,6500.0,500.0,-1000.0,7500.0,7071.428571428572,672.5927091345502,7447.683,-52.31689453125,-0.69755859375
2026-07-29,Himachal Pradesh,Solan,PMY Kather Solan,Other,2500.0,13000.0,8000.0,2026,7,29,210,2,31,6200.0,7000.0,8000.0,1800.0,1000.0,6733.333333333333,7314.285714285715,701.0196655077307,7234.068,-765.93212890625,-9.574151611328125
2026-07-29,Himachal Pradesh,Una,PMY Una,Dusheri,6000.0,6500.0,6250.0,2026,7,29,210,2,31,6500.0,5500.0,6500.0,-250.0,750.0,5833.333333333333,6285.714285714285,698.6381310057687,6264.248,14.248046875,0.22796875
2026-07-29,Himachal Pradesh,Una,PMY Una,Other,6000.0,7000.0,6500.0,2026,7,29,210,2,31,7500.0,7500.0,8500.0,-1000.0,-1000.0,7833.333333333333,7785.714285714285,566.9467095138284,7124.6235,624.62353515625,9.609592848557693
2026-07-29,Himachal Pradesh,Una,SMY Takarla,Other,4000.0,7000.0,6000.0,2026,7,29,210,2,31,5000.0,5000.0,5500.0,1000.0,1000.0,5000.0,5285.714285714285,393.397896234721,5517.5684,-482.431640625,-8.04052734375
2026-07-29,Jammu and Kashmir,Rajouri,Rajouri (Phaliana) (F&V),Totapuri,8000.0,8000.0,8000.0,2026,7,29,210,2,31,5500.0,5500.0,5000.0,2500.0,2500.0,5500.0,5371.428571428572,256.3479777846623,6820.0977,-1179.90234375,-14.748779296875
2026-07-29,Karnataka,Davangere,Davangere APMC,Mango,3000.0,4000.0,3500.0,2026,7,29,210,2,31,3500.0,3500.0,3500.0,0.0,0.0,3500.0,3428.5714285714284,188.98223650461273,3485.1313,-14.86865234375,-0.42481863839285716
2026-07-29,Madhya Pradesh,Harda,Harda(F&V) APMC,Neelam,3500.0,4500.0,4000.0,2026,7,29,210,2,31,4000.0,3500.0,3000.0,0.0,500.0,3666.6666666666665,3285.714285714286,393.39789623472143,3891.9604,-108.03955078125,-2.70098876953125
2026-07-29,Madhya Pradesh,Indore,Indore(F&V) APMC,Other,1500.0,7000.0,4000.0,2026,7,29,210,2,31,4500.0,4000.0,6000.0,-500.0,0.0,4333.333333333333,4785.714285714285,636.209010280352,3867.7998,-132.2001953125,-3.3050048828125
2026-07-29,Maharashtra,Ahilyanagar,Shrirampur APMC,Other,3000.0,5000.0,4000.0,2026,7,29,210,2,31,4000.0,4000.0,3000.0,0.0,0.0,4000.0,3785.714285714286,393.39789623472063,4014.766,14.76611328125,0.36915283203125
2026-07-29,Maharashtra,Mumbai,Mumbai- Fruit Market APMC,Other,5000.0,12000.0,8500.0,2026,7,29,210,2,31,9500.0,11000.0,10000.0,-1000.0,-2500.0,10333.333333333334,10000.0,645.4972243679028,8750.778,250.7783203125,2.9503331801470587
2026-07-29,Maharashtra,Nagpur,Nagpur APMC,Other,2500.0,3500.0,3250.0,2026,7,29,210,2,31,3250.0,3250.0,3250.0,0.0,0.0,3250.0,3250.0,0.0,3253.5957,3.595703125,0.11063701923076923
2026-07-29,Maharashtra,Sangli,"Sangli(Phale, Bhajipala Market) APMC",Totapuri,2000.0,3000.0,2500.0,2026,7,29,210,2,31,2500.0,2000.0,3000.0,0.0,500.0,2166.6666666666665,2392.8571428571427,404.58679685634354,2490.953,-9.047119140625,-0.36188476562500005
2026-07-29,NCT of Delhi,Delhi,APMC Azadpur,Dinga,3000.0,4000.0,3400.0,2026,7,29,210,2,31,3400.0,3400.0,2400.0,0.0,0.0,3400.0,2971.4285714285716,534.5224838248487,3299.9114,-100.088623046875,-2.943783030790441
2026-07-29,NCT of Delhi,Delhi,APMC Azadpur,Dusheri,1429.0,3571.0,2393.0,2026,7,29,210,2,31,2393.0,2393.0,2393.0,0.0,0.0,2393.0,2393.0,0.0,2660.6292,267.629150390625,11.183834115780401
2026-07-29,NCT of Delhi,Delhi,APMC Azadpur,Fazli,2857.0,5714.0,4464.0,2026,7,29,210,2,31,4464.0,4464.0,4464.0,0.0,0.0,4464.0,4464.0,0.0,4404.962,-59.0380859375,-1.3225377674171148
2026-07-29,NCT of Delhi,Delhi,APMC Azadpur,Hapus(Alphaso),10000.0,16667.0,13333.0,2026,7,29,210,2,31,13333.0,13333.0,13333.0,0.0,0.0,13333.0,13333.0,0.0,12278.15,-1054.849609375,-7.911569859558989
2026-07-29,NCT of Delhi,Delhi,APMC Azadpur,Keshar,4286.0,7143.0,5429.0,2026,7,29,210,2,31,5429.0,5429.0,3821.0,0.0,0.0,5429.0,4739.857142857143,859.5121539903579,4986.5776,-442.42236328125,-8.14924227815896
2026-07-29,NCT of Delhi,Delhi,APMC Azadpur,Langra,5000.0,8000.0,6100.0,2026,7,29,210,2,31,6100.0,5100.0,3100.0,0.0,1000.0,5766.666666666667,4528.571428571428,1397.2762620115436,5514.921,-585.0791015625,-9.591460681352459
2026-07-29,NCT of Delhi,Delhi,APMC Azadpur,Safeda,3571.0,5714.0,4950.0,2026,7,29,210,2,31,4950.0,4450.0,4307.0,0.0,500.0,4783.333333333333,4531.571428571428,358.15911600984197,4870.782,-79.2177734375,-1.6003590593434345
2026-07-29,NCT of Delhi,Delhi,APMC Azadpur,Saroli,1000.0,2000.0,1500.0,2026,7,29,210,2,31,1500.0,1500.0,1500.0,0.0,0.0,1500.0,1500.0,0.0,1579.1931,79.193115234375,5.279541015625
2026-07-29,NCT of Delhi,Delhi,APMC Azadpur,Surkha,2500.0,6000.0,4000.0,2026,7,29,210,2,31,4000.0,4000.0,4000.0,0.0,0.0,4000.0,4000.0,0.0,4050.765,50.764892578125,1.269122314453125
2026-07-29,NCT of Delhi,Delhi,APMC Azadpur,Totapuri,2857.0,3929.0,3357.0,2026,7,29,210,2,31,2643.0,2643.0,2643.0,714.0,714.0,2643.0,2643.0,0.0,3068.912,-288.087890625,-8.581706601876675
2026-07-29,Odisha,Gajapati,Kasinagar APMC,Badami,1800.0,2000.0,1900.0,2026,7,29,210,2,31,1900.0,1900.0,1900.0,0.0,0.0,1900.0,1900.0,0.0,1906.0314,6.0313720703125,0.31744063527960525
2026-07-29,Odisha,Mayurbhanja,Narasinghpur APMC,Amrapali,3000.0,5000.0,4000.0,2026,7,29,210,2,31,4000.0,4000.0,4000.0,0.0,0.0,4000.0,4000.0,0.0,4019.9304,19.930419921875,0.49826049804687506
2026-07-29,Odisha,Mayurbhanja,Narasinghpur APMC,Langra,3000.0,5000.0,4000.0,2026,7,29,210,2,31,4000.0,4000.0,4000.0,0.0,0.0,4000.0,4000.0,0.0,4006.9614,6.96142578125,0.17403564453125
2026-07-29,Punjab,Bhatinda,Bathinda APMC,Other,4000.0,6000.0,5000.0,2026,7,29,210,2,31,5000.0,7000.0,6000.0,0.0,-2000.0,6000.0,6571.428571428572,975.9000729485324,5186.023,186.02294921875,3.7204589843749996
2026-07-29,Punjab,Bhatinda,Bhagta Bhai Ka APMC,Other,3700.0,3700.0,3700.0,2026,7,29,210,2,31,3600.0,3500.0,3400.0,100.0,200.0,3466.6666666666665,3442.8571428571427,171.82493859684453,3703.3594,3.359375,0.09079391891891893
2026-07-29,Punjab,Bhatinda,Rampuraphul(Nabha Mandi) APMC,Other,4000.0,8000.0,6000.0,2026,7,29,210,2,31,7000.0,6000.0,6000.0,-1000.0,0.0,6333.333333333333,6142.857142857143,377.9644730092272,6384.4966,384.49658203125,6.4082763671875
2026-07-29,Punjab,Fazilka,Fazilka APMC,Other,7000.0,7000.0,7000.0,2026,7,29,210,2,31,7000.0,7000.0,7000.0,0.0,0.0,7000.0,7000.0,0.0,7141.114,141.11376953125,2.0159109933035713
2026-07-29,Punjab,Fazilka,Jalalabad APMC,Other,5000.0,5500.0,5200.0,2026,7,29,210,2,31,4800.0,5200.0,4700.0,400.0,0.0,5233.333333333333,4971.428571428572,372.89089429432175,5354.2427,154.24267578125,2.9662053034855766
2026-07-29,Punjab,Ferozpur,Zira APMC,Chausa,4900.0,4900.0,4900.0,2026,7,29,210,2,31,5000.0,5200.0,4900.0,-100.0,-300.0,5033.333333333333,4828.571428571428,242.99715851758248,4967.144,67.14404296875,1.3702865911989797
2026-07-29,Punjab,Gurdaspur,Gurdaspur APMC,Other,4600.0,4600.0,4600.0,2026,7,29,210,2,31,4650.0,4700.0,4800.0,-50.0,-100.0,4783.333333333333,4821.428571428572,134.96031162636572,4626.8735,26.87353515625,0.5842072860054347
2026-07-29,Punjab,Hoshiarpur,Garh Shankar APMC,Other,4500.0,4500.0,4500.0,2026,7,29,210,2,31,4500.0,3500.0,4000.0,0.0,1000.0,4000.0,3800.0,382.9708431025357,4384.999,-115.0009765625,-2.5555772569444444
2026-07-29,Punjab,Hoshiarpur,Garh Shankar(Mahalpur) APMC,Dusheri,5000.0,5000.0,5000.0,2026,7,29,210,2,31,5500.0,5200.0,6000.0,-500.0,-200.0,5400.0,5457.142857142857,423.7025012007947,5129.818,129.81787109375,2.596357421875
2026-07-29,Punjab,Hoshiarpur,Tanda Urmur APMC,Totapuri,4000.0,5000.0,4500.0,2026,7,29,210,2,31,4500.0,4500.0,4200.0,0.0,0.0,4500.0,4528.571428571428,236.0387377408331,4529.277,29.27685546875,0.6505967881944444
2026-07-29,Punjab,Jalandhar,Jalandhar City(Jalandhar) APMC,Other,2100.0,5200.0,4000.0,2026,7,29,210,2,31,4200.0,3700.0,4500.0,-200.0,300.0,4133.333333333333,4028.571428571429,363.8419332360585,3960.0586,-39.94140625,-0.99853515625
2026-07-29,Punjab,Ludhiana,Ludhiana APMC,Other,2000.0,6000.0,3000.0,2026,7,29,210,2,31,3000.0,3000.0,3000.0,0.0,0.0,3000.0,3000.0,0.0,3096.8286,96.82861328125,3.2276204427083335
2026-07-29,Punjab,Ludhiana,Raikot APMC,Chausa,5460.0,5460.0,5460.0,2026,7,29,210,2,31,5460.0,5380.0,5130.0,0.0,80.0,5423.333333333333,5378.571428571428,113.93398255548072,5498.9106,38.91064453125,0.7126491672390111
2026-07-29,Punjab,Mansa,Mansa APMC,Other,4700.0,4700.0,4700.0,2026,7,29,210,2,31,4730.0,4700.0,4800.0,-30.0,0.0,4700.0,4760.0,59.16079783099617,4867.2583,167.25830078125,3.5586872506648937
2026-07-29,Punjab,Mohali,Kharar APMC,Other,2500.0,4500.0,3000.0,2026,7,29,210,2,31,3000.0,3000.0,2500.0,0.0,0.0,3000.0,3071.4285714285716,534.5224838248489,2983.9155,-16.08447265625,-0.5361490885416667
2026-07-29,Punjab,Nawanshahr,Nawan Shahar(Subzi Mandi) APMC,Other,6000.0,7000.0,6600.0,2026,7,29,210,2,31,6600.0,5600.0,6800.0,0.0,1000.0,6266.666666666667,6471.428571428572,394.606494769518,6548.152,-51.84814453125,-0.7855779474431819
2026-07-29,Punjab,Patiala,Nabha APMC,Other,2600.0,5000.0,3300.0,2026,7,29,210,2,31,5200.0,5000.0,3500.0,-1900.0,-1700.0,4733.333333333333,4257.142857142857,881.0167286666449,3928.499,628.4990234375,19.045424952651516
2026-07-29,Punjab,Patiala,Patiala APMC,Other,2900.0,3100.0,3000.0,2026,7,29,210,2,31,3100.0,3100.0,3200.0,-100.0,-100.0,3066.6666666666665,3142.8571428571427,97.59000729485282,2982.397,-17.60302734375,-0.586767578125
2026-07-29,Punjab,Patiala,Patran APMC,Other,4720.0,4720.0,4720.0,2026,7,29,210,2,31,4280.0,3890.0,3170.0,440.0,830.0,3910.0,3650.0,433.2820482472513,4608.608,-111.39208984375,-2.36000190346928
2026-07-29,Punjab,Patiala,Rajpura APMC,Dusheri,6000.0,6300.0,6150.0,2026,7,29,210,2,31,6100.0,5200.0,5700.0,50.0,950.0,5833.333333333333,5914.285714285715,365.9625273557002,5966.627,-183.373046875,-2.981675558943089
2026-07-29,Punjab,Tarntaran,Patti APMC,Other,560.0,560.0,560.0,2026,7,29,210,2,31,800.0,750.0,1250.0,-240.0,-190.0,783.3333333333334,980.0,212.05345238091925,998.8005,438.80047607421875,78.3572278703962
2026-07-29,Rajasthan,Ganganagar,Sriganganagar (F&V) APMC,Amrapali,5500.0,5900.0,5700.0,2026,7,29,210,2,31,5500.0,5500.0,5300.0,200.0,200.0,5600.0,5385.714285714285,273.4262327610589,5817.1416,117.1416015625,2.055115816885965
2026-07-29,Tamil Nadu,Chengalpattu,Jameenrayapettai(Uzhavar Sandhai ),Neelam,6000.0,7000.0,6500.0,2026,7,29,210,2,31,5500.0,5500.0,5500.0,1000.0,1000.0,5500.0,5500.0,0.0,6234.986,-265.01416015625,-4.077140925480769
2026-07-29,Tamil Nadu,Chengalpattu,Medavakkam(Uzhavar Sandhai ),Safeda,5000.0,5000.0,5000.0,2026,7,29,210,2,31,5000.0,5000.0,5000.0,0.0,0.0,5000.0,5000.0,0.0,5155.5996,155.599609375,3.1119921875000003
2026-07-29,Tamil Nadu,Chengalpattu,Nanganallur(Uzhavar Sandhai ),Neelam,4500.0,5000.0,4750.0,2026,7,29,210,2,31,6750.0,4750.0,4750.0,-2000.0,0.0,5416.666666666667,5035.714285714285,755.9289460184546,4893.956,143.9560546875,3.0306537828947366
2026-07-29,Tamil Nadu,Coimbatore,Kurichi(Uzhavar Sandhai ),Neelam,7000.0,8000.0,7500.0,2026,7,29,210,2,31,7500.0,7500.0,7500.0,0.0,0.0,7500.0,7500.0,0.0,7433.4463,-66.5537109375,-0.8873828125000001
2026-07-29,Tamil Nadu,Coimbatore,Mettupalayam(Uzhavar Sandhai ),Safeda,6000.0,10000.0,8000.0,2026,7,29,210,2,31,8500.0,8000.0,8000.0,-500.0,0.0,8333.333333333334,8142.857142857143,243.97501823713193,8027.6694,27.66943359375,0.345867919921875
2026-07-29,Tamil Nadu,Coimbatore,RSPuram(Uzhavar Sandhai ),Neelam,6000.0,7000.0,6500.0,2026,7,29,210,2,31,6500.0,7500.0,7500.0,0.0,-1000.0,7166.666666666667,7357.142857142857,377.9644730092272,6577.4,77.39990234375,1.1907677283653846
2026-07-29,Tamil Nadu,Coimbatore,Singanallur(Uzhavar Sandhai ),Safeda,7500.0,8000.0,7750.0,2026,7,29,210,2,31,7750.0,10500.0,9500.0,0.0,-2750.0,9583.333333333334,8964.285714285714,1261.8486061179844,7768.5005,18.50048828125,0.23871597782258064
2026-07-29,Tamil Nadu,Coimbatore,Sundarapuram(Uzhavar Sandhai ),Neelam,7000.0,8000.0,7500.0,2026,7,29,210,2,31,7500.0,7500.0,7500.0,0.0,0.0,7500.0,7500.0,0.0,7433.4463,-66.5537109375,-0.8873828125000001
2026-07-29,Tamil Nadu,Coimbatore,Vadavalli(Uzhavar Sandhai ),Safeda,6000.0,8000.0,7000.0,2026,7,29,210,2,31,7250.0,7250.0,10000.0,-250.0,-250.0,7166.666666666667,8857.142857142857,1619.2664417951107,7511.9146,511.91455078125,7.313065011160715
2026-07-29,Tamil Nadu,Cuddalore,Cuddalore(Uzhavar Sandhai ),Safeda,5000.0,5000.0,5000.0,2026,7,29,210,2,31,6000.0,6000.0,6000.0,-1000.0,-1000.0,6000.0,5857.142857142857,377.96447300922426,5287.944,287.94384765625,5.758876953125
2026-07-29,Tamil Nadu,Dharmapuri,Dharmapuri(Uzhavar Sandhai ),Safeda,4500.0,5000.0,4750.0,2026,7,29,210,2,31,4900.0,4750.0,4750.0,-150.0,0.0,4816.666666666667,4800.0,50.00000000000014,4878.5474,128.54736328125,2.7062602796052633
2026-07-29,Tamil Nadu,Dharmapuri,Pennagaram(Uzhavar Sandhai ),Safeda,2800.0,3000.0,2900.0,2026,7,29,210,2,31,2750.0,3800.0,3800.0,150.0,-900.0,3450.0,3657.142857142858,400.4461797259943,3008.7075,108.70751953125,3.74853515625
2026-07-29,Tamil Nadu,Dindigul,Chinnalapatti(Uzhavar Sandhai ),Neelam,4000.0,5000.0,4500.0,2026,7,29,210,2,31,4500.0,5000.0,4500.0,0.0,-500.0,4666.666666666667,4571.428571428572,188.9822365046136,4574.282,74.2822265625,1.6507161458333333
2026-07-29,Tamil Nadu,Dindigul,Dindigul(Uzhavar Sandhai ),Safeda,4000.0,5000.0,4500.0,2026,7,29,210,2,31,4500.0,4500.0,5500.0,0.0,0.0,4500.0,4642.857142857143,377.9644730092269,4663.6265,163.62646484375,3.6361436631944444
2026-07-29,Tamil Nadu,Dindigul,Palani(Uzhavar Sandhai ),Neelam,2500.0,4000.0,3250.0,2026,7,29,210,2,31,3250.0,3250.0,3500.0,0.0,0.0,3250.0,3321.4285714285716,188.982236504614,3267.8171,17.817138671875,0.5482196514423077
2026-07-29,Tamil Nadu,Erode,Periyar Nagar(Uzhavar Sandhai ),Neelam,5500.0,6000.0,5750.0,2026,7,29,210,2,31,5750.0,5750.0,4750.0,0.0,0.0,5750.0,5250.0,500.00000000000006,5807.3975,57.3974609375,0.9982167119565217
2026-07-29,Tamil Nadu,Erode,Sampath Nagar(Uzhavar Sandhai ),Safeda,3500.0,6000.0,4750.0,2026,7,29,210,2,31,4750.0,5750.0,4500.0,0.0,-1000.0,5083.333333333333,5214.285714285715,783.0039834478727,4816.988,66.98779296875,1.4102693256578946
2026-07-29,Tamil Nadu,Kallakuruchi,Kallakurichi(Uzhavar Sandhai ),Other,4000.0,4000.0,4000.0,2026,7,29,210,2,31,4000.0,4000.0,4000.0,0.0,0.0,4000.0,4000.0,0.0,3962.5764,-37.423583984375,-0.935589599609375
2026-07-29,Tamil Nadu,Kallakuruchi,Sankarapuram(Uzhavar Sandhai ),Neelam,5000.0,5000.0,5000.0,2026,7,29,210,2,31,5000.0,5000.0,5000.0,0.0,0.0,5000.0,5000.0,0.0,5101.685,101.68505859375,2.0337011718749998
2026-07-29,Tamil Nadu,Karur,Gandhigramam(Uzhavar Sandhai),Neelam,5000.0,8000.0,6500.0,2026,7,29,210,2,31,6500.0,6500.0,5500.0,0.0,0.0,6500.0,6357.142857142857,377.96447300922694,6523.1562,23.15625,0.35625
2026-07-29,Tamil Nadu,Karur,Karur(Uzhavar Sandhai ),Neelam,7500.0,8000.0,7750.0,2026,7,29,210,2,31,7750.0,7750.0,5750.0,0.0,0.0,7750.0,7464.285714285715,755.9289460184546,7435.709,-314.291015625,-4.055367943548387
2026-07-29,Tamil Nadu,Karur,Kulithalai(Uzhavar Sandhai ),Neelam,5000.0,6000.0,5500.0,2026,7,29,210,2,31,5500.0,5500.0,5500.0,0.0,0.0,5500.0,5500.0,0.0,5495.6924,-4.3076171875,-0.0783203125
2026-07-29,Tamil Nadu,Krishnagiri,Krishnagiri(Uzhavar Sandhai ),Neelam,2500.0,3500.0,3000.0,2026,7,29,210,2,31,2750.0,2750.0,2250.0,250.0,250.0,2666.6666666666665,2500.0,250.00000000000037,2963.7202,-36.27978515625,-1.209326171875
2026-07-29,Tamil Nadu,Madurai,Anaiyur(Uzhavar Sandhai ),Safeda,4500.0,7000.0,5750.0,2026,7,29,210,2,31,5500.0,5500.0,5250.0,250.0,250.0,5500.0,5464.285714285715,94.49111825231812,5490.706,-259.2939453125,-4.509459918478261
2026-07-29,Tamil Nadu,Madurai,Anna nagar(Uzhavar Sandhai ),Other,5000.0,5000.0,5000.0,2026,7,29,210,2,31,5000.0,5000.0,5000.0,0.0,0.0,5000.0,5000.0,0.0,5103.7144,103.71435546875,2.074287109375
2026-07-29,Tamil Nadu,Madurai,Chokkikulam(Uzhavar Sandhai ),Safeda,5000.0,8000.0,6500.0,2026,7,29,210,2,31,5500.0,5500.0,5250.0,1000.0,1000.0,5500.0,5285.714285714285,303.74644814697405,6227.718,-272.2822265625,-4.188957331730769
2026-07-29,Tamil Nadu,Madurai,Melur(Uzhavar Sandhai ),Safeda,4000.0,4500.0,4250.0,2026,7,29,210,2,31,5750.0,5750.0,4750.0,-1500.0,-1500.0,5750.0,5607.142857142857,377.9644730092254,4364.634,114.6337890625,2.697265625
2026-07-29,Tamil Nadu,Nagapattinam,Nagapattinam(Uzhavar Sandhai ),Other,6000.0,7000.0,6500.0,2026,7,29,210,2,31,6500.0,4500.0,6250.0,0.0,2000.0,5666.666666666667,5785.714285714285,821.9460068004686,6364.4053,-135.5947265625,-2.0860727163461537
2026-07-29,Tamil Nadu,Nagercoil (Kannyiakumari),Vadaseri APMC,Safeda,7000.0,8000.0,7500.0,2026,7,29,210,2,31,6750.0,6750.0,7250.0,750.0,750.0,6750.0,6821.428571428572,188.982236504614,7452.844,-47.15576171875,-0.6287434895833334
2026-07-29,Tamil Nadu,Namakkal,Namakkal(Uzhavar Sandhai ),Neelam,6000.0,7000.0,6500.0,2026,7,29,210,2,31,6500.0,6000.0,6000.0,0.0,500.0,6333.333333333333,6142.857142857143,243.97501823713313,6437.0005,-62.99951171875,-0.9692232572115385
2026-07-29,Tamil Nadu,Namakkal,Rasipuram(Uzhavar Sandhai ),Other,3000.0,5000.0,4000.0,2026,7,29,210,2,31,4000.0,4000.0,4000.0,0.0,0.0,4000.0,4107.142857142857,283.4733547569186,4024.1064,24.1064453125,0.6026611328125
2026-07-29,Tamil Nadu,Perambalur,Perambalur(Uzhavar Sandhai ),Other,5000.0,7000.0,6000.0,2026,7,29,210,2,31,5500.0,5500.0,5500.0,500.0,500.0,5500.0,5571.428571428572,188.98223650460832,5784.7407,-215.25927734375,-3.587654622395833
2026-07-29,Tamil Nadu,Ranipet,Arcot(Uzhavar Sandhai ),Neelam,6000.0,6000.0,6000.0,2026,7,29,210,2,31,6000.0,6000.0,6000.0,0.0,0.0,6000.0,5928.571428571428,188.9822365046136,6113.0015,113.00146484375,1.8833577473958334
2026-07-29,Tamil Nadu,Salem,Ammapet(Uzhavar Sandhai ),Neelam,6000.0,7000.0,6500.0,2026,7,29,210,2,31,6500.0,4750.0,4500.0,0.0,1750.0,5583.333333333333,5435.714285714285,877.8355415994723,6188.7803,-311.2197265625,-4.78799579326923
2026-07-29,Tamil Nadu,Salem,Hasthampatti(Uzhavar Sandhai ),Neelam,4000.0,5000.0,4500.0,2026,7,29,210,2,31,4500.0,4750.0,4750.0,0.0,-250.0,4666.666666666667,4750.0,353.5533905932728,4658.2163,158.21630859375,3.51591796875
2026-07-29,Tamil Nadu,Salem,Sooramangalam(Uzhavar Sandhai ),Neelam,4000.0,5000.0,4500.0,2026,7,29,210,2,31,4500.0,4500.0,4500.0,0.0,0.0,4583.333333333333,4535.714285714285,94.49111825230688,4572.33,72.330078125,1.6073350694444444
2026-07-29,Tamil Nadu,Salem,Thammampatti (Uzhavar Sandhai ),Safeda,4000.0,5000.0,4500.0,2026,7,29,210,2,31,4500.0,4500.0,4500.0,0.0,0.0,4500.0,4357.142857142857,377.9644730092272,4533.947,33.94677734375,0.7543728298611111
2026-07-29,Tamil Nadu,Salem,Thathakapatti(Uzhavar Sandhai ),Safeda,4000.0,5000.0,4500.0,2026,7,29,210,2,31,4500.0,4500.0,5500.0,0.0,0.0,4500.0,5071.428571428572,534.5224838248485,4669.7715,169.771484375,3.772699652777778
2026-07-29,Tamil Nadu,Salem,Vazhapadi(Uzhavar Sandhai),Neelam,4000.0,5000.0,4500.0,2026,7,29,210,2,31,4500.0,5000.0,5500.0,0.0,-500.0,4750.0,5214.285714285715,619.6196990320522,4665.702,165.7021484375,3.6822699652777775
2026-07-29,Tamil Nadu,Sivaganga,Singampunari(Uzhavar Sandhai ),Other,4200.0,4600.0,4400.0,2026,7,29,210,2,31,3900.0,3900.0,3400.0,500.0,500.0,3900.0,3828.571428571429,188.9822365046142,4185.122,-214.8779296875,-4.883589311079546
2026-07-29,Tamil Nadu,Sivaganga,Sivagangai (Uzhavar Sandhai ),Safeda,4500.0,5500.0,5000.0,2026,7,29,210,2,31,4850.0,4750.0,5000.0,150.0,250.0,4833.333333333333,4800.0,451.8480570575331,5022.851,22.85107421875,0.457021484375
2026-07-29,Tamil Nadu,Tenkasi,Sankarankoil(Uzhavar Sandhai ),Safeda,4000.0,4000.0,4000.0,2026,7,29,210,2,31,4000.0,4000.0,4000.0,0.0,0.0,4000.0,4071.428571428571,188.9822365046136,3978.5776,-21.42236328125,-0.53555908203125
2026-07-29,Tamil Nadu,Tenkasi,Tenkasi(Uzhavar Sandhai ),Neelam,5000.0,5000.0,5000.0,2026,7,29,210,2,31,4500.0,4000.0,4000.0,500.0,1000.0,4333.333333333333,4214.285714285715,267.26124191242485,4799.5435,-200.45654296875,-4.009130859375
2026-07-29,Tamil Nadu,Thanjavur,Kumbakonam (Uzhavar Sandhai ),Safeda,3000.0,9000.0,6000.0,2026,7,29,210,2,31,6000.0,6000.0,6000.0,0.0,0.0,6000.0,6000.0,0.0,5940.206,-59.7939453125,-0.9965657552083333
2026-07-29,Tamil Nadu,Thanjavur,Thanjavur(Uzhavar Sandhai ),Safeda,5000.0,7000.0,6000.0,2026,7,29,210,2,31,6000.0,6000.0,6000.0,0.0,0.0,6000.0,6000.0,0.0,6153.3784,153.37841796875,2.5563069661458333
2026-07-29,Tamil Nadu,The Nilgiris,Udhagamandalam(Uzhavar Sandhai ),Safeda,10000.0,12000.0,11000.0,2026,7,29,210,2,31,7500.0,11000.0,11000.0,3500.0,0.0,9833.333333333334,10500.0,1322.8756555322952,10527.155,-472.8447265625,-4.298588423295454
2026-07-29,Tamil Nadu,Theni,Bodinayakanur(Uzhavar Sandhai ),Safeda,5000.0,5000.0,5000.0,2026,7,29,210,2,31,5000.0,5000.0,4000.0,0.0,0.0,5000.0,4785.714285714285,393.3978962347224,5127.8433,127.84326171875,2.556865234375
2026-07-29,Tamil Nadu,Theni,Devaram(Uzhavar Sandhai ),Safeda,5000.0,5000.0,5000.0,2026,7,29,210,2,31,4500.0,5000.0,5000.0,500.0,0.0,4833.333333333333,4928.571428571428,188.9822365046136,5122.1436,122.1435546875,2.44287109375
2026-07-29,Tamil Nadu,Theni,Kambam(Uzhavar Sandhai ),Safeda,4000.0,5000.0,4500.0,2026,7,29,210,2,31,4000.0,5500.0,4000.0,500.0,-1000.0,4666.666666666667,4642.857142857143,690.0655593423543,4446.684,-53.31591796875,-1.1847981770833333
2026-07-29,Tamil Nadu,Theni,Theni(Uzhavar Sandhai ),Neelam,3000.0,6000.0,4500.0,2026,7,29,210,2,31,4500.0,4500.0,4500.0,0.0,0.0,4500.0,4428.571428571428,188.98223650461367,4492.506,-7.494140625,-0.16653645833333333
2026-07-29,Tamil Nadu,Thiruchirappalli,KKNagar(Uzhavar Sandhai ),Safeda,5000.0,5000.0,5000.0,2026,7,29,210,2,31,5500.0,5500.0,5000.0,-500.0,-500.0,5500.0,5500.0,288.6751345948131,5160.955,160.955078125,3.2191015625
2026-07-29,Tamil Nadu,Thiruchirappalli,Lalgudi(Uzhavar Sandhai ),Safeda,4000.0,4000.0,4000.0,2026,7,29,210,2,31,4000.0,4000.0,4000.0,0.0,0.0,4000.0,4000.0,0.0,4010.621,10.62109375,0.26552734375
2026-07-29,Tamil Nadu,Thiruchirappalli,Musiri(Uzhavar Sandhai ),Safeda,3000.0,3000.0,3000.0,2026,7,29,210,2,31,2750.0,3000.0,2750.0,250.0,0.0,2916.6666666666665,2892.8571428571427,133.6306209562122,2944.5833,-55.416748046875,-1.8472249348958334
2026-07-29,Tamil Nadu,Thiruchirappalli,Thuraiyur APMC,Safeda,8000.0,10000.0,9000.0,2026,7,29,210,2,31,8500.0,8000.0,8500.0,500.0,1000.0,8666.666666666666,8214.285714285714,1074.5984853711195,8811.978,-188.0224609375,-2.089138454861111
2026-07-29,Tamil Nadu,Thirunelveli,Palayamkottai(Uzhavar Sandhai ),Safeda,6000.0,8000.0,7000.0,2026,7,29,210,2,31,7000.0,7000.0,7000.0,0.0,0.0,7000.0,7000.0,0.0,7397.39,397.39013671875,5.677001953125
2026-07-29,Tamil Nadu,Thirupathur,Natrampalli(Uzhavar Sandhai ),Safeda,2000.0,3000.0,2500.0,2026,7,29,210,2,31,2500.0,2500.0,2750.0,0.0,0.0,2500.0,2642.8571428571427,133.63062095621552,2651.264,151.263916015625,6.050556640625
2026-07-29,Tamil Nadu,Thirupathur,Vaniyampadi(Uzhavar Sandhai ),Safeda,3000.0,3000.0,3000.0,2026,7,29,210,2,31,3000.0,4000.0,3000.0,0.0,-1000.0,3666.6666666666665,3285.714285714286,487.9500364742662,3119.1958,119.19580078125,3.9731933593749997
2026-07-29,Tamil Nadu,Thirupur,Dharapuram(Uzhavar Sandhai ),Safeda,5500.0,6000.0,5750.0,2026,7,29,210,2,31,6000.0,5750.0,5750.0,-250.0,0.0,5750.0,5750.0,144.33756729740628,5878.5635,128.5634765625,2.2358865489130437
2026-07-29,Tamil Nadu,Thiruvannamalai,Arani(Uzhavar Sandhai ),Safeda,4000.0,5000.0,4500.0,2026,7,29,210,2,31,4500.0,4500.0,4500.0,0.0,0.0,4500.0,4500.0,0.0,4583.16,83.16015625,1.8480034722222223
2026-07-29,Tamil Nadu,Thiruvannamalai,Chengam(Uzhavar Sandhai ),Safeda,3300.0,4000.0,3650.0,2026,7,29,210,2,31,3750.0,3650.0,3650.0,-100.0,0.0,3716.6666666666665,3692.857142857142,53.452248382484775,3725.7466,75.74658203125,2.0752488227739727
2026-07-29,Tamil Nadu,Thiruvannamalai,Polur(Uzhavar Sandhai ),Safeda,4000.0,5000.0,4500.0,2026,7,29,210,2,31,4600.0,4600.0,4500.0,-100.0,-100.0,4600.0,4585.714285714285,37.79644730092243,4593.9517,93.95166015625,2.0878146701388887
2026-07-29,Tamil Nadu,Thiruvannamalai,Tamarainagar(Uzhavar Sandhai ),Safeda,6000.0,7000.0,6500.0,2026,7,29,210,2,31,6500.0,5500.0,6500.0,0.0,1000.0,5833.333333333333,5785.714285714285,487.9500364742665,6417.31,-82.68994140625,-1.2721529447115385
2026-07-29,Tamil Nadu,Thiruvannamalai,Tiruvannamalai(Uzhavar Sandhai ),Safeda,5000.0,6000.0,5500.0,2026,7,29,210,2,31,5500.0,5500.0,5500.0,0.0,0.0,5500.0,5500.0,0.0,5549.607,49.60693359375,0.9019442471590909
2026-07-29,Tamil Nadu,Thiruvarur,Mannargudi I(Uzhavar Sandhai ),Safeda,5000.0,6000.0,5500.0,2026,7,29,210,2,31,5500.0,5000.0,4500.0,0.0,500.0,5166.666666666667,5000.0,288.67513459481177,5390.437,-109.56298828125,-1.9920543323863635
2026-07-29,Tamil Nadu,Thiruvarur,Mannargudi II(Uzhavar Sandhai ),Safeda,5000.0,6000.0,5500.0,2026,7,29,210,2,31,5000.0,5000.0,4500.0,500.0,500.0,5166.666666666667,4714.285714285715,566.9467095138403,5397.697,-102.30322265625,-1.86005859375
2026-07-29,Tamil Nadu,Thiruvarur,Tiruthuraipoondi(Uzhavar Sandhai ),Safeda,4000.0,4000.0,4000.0,2026,7,29,210,2,31,4000.0,4000.0,3000.0,0.0,0.0,4000.0,3571.4285714285716,534.5224838248487,3975.184,-24.81591796875,-0.62039794921875
2026-07-29,Tamil Nadu,Vellore,Gudiyatham(Uzhavar Sandhai ),Neelam,4000.0,4000.0,4000.0,2026,7,29,210,2,31,3750.0,3500.0,4000.0,250.0,500.0,3666.6666666666665,3714.285714285714,224.93385271060953,3915.9062,-84.09375,-2.1023437499999997
2026-07-29,Tamil Nadu,Vellore,Katpadi (Uzhavar Sandhai ),Safeda,7000.0,8000.0,7500.0,2026,7,29,210,2,31,7500.0,7500.0,7500.0,0.0,0.0,7500.0,6571.428571428572,1592.3926292577112,7386.5566,-113.443359375,-1.5125781249999999
2026-07-29,Tamil Nadu,Vellore,Pallikonda(Uzhavar Sandhai),Other,7000.0,8000.0,7500.0,2026,7,29,210,2,31,5000.0,4500.0,4500.0,2500.0,3000.0,4833.333333333333,4642.857142857143,243.97501823713347,6857.242,-642.7578125,-8.570104166666667
2026-07-29,Tamil Nadu,Vellore,Perampet(Uzhavar Sandhai),Neelam,3500.0,4000.0,3750.0,2026,7,29,210,2,31,3750.0,3750.0,3250.0,0.0,0.0,3750.0,3428.5714285714284,773.4431367038469,3704.99,-45.010009765625,-1.2002669270833333
2026-07-29,Tamil Nadu,Vellore,Thirupathur APMC,Safeda,4000.0,4000.0,4000.0,2026,7,29,210,2,31,4000.0,4000.0,4000.0,0.0,0.0,4000.0,4000.0,0.0,4010.621,10.62109375,0.26552734375
2026-07-29,Tamil Nadu,Villupuram,Tindivanam APMC,Safeda,5000.0,5000.0,5000.0,2026,7,29,210,2,31,5000.0,5000.0,5000.0,0.0,0.0,5000.0,5000.0,0.0,5155.5996,155.599609375,3.1119921875000003
2026-07-29,Tamil Nadu,Villupuram,Villupuram(Uzhavar Sandhai ),Safeda,7000.0,10000.0,8500.0,2026,7,29,210,2,31,7000.0,7000.0,7000.0,1500.0,1500.0,7500.0,7214.285714285715,566.9467095138381,8007.467,-492.533203125,-5.794508272058824
2026-07-29,Tamil Nadu,Virudhunagar,Aruppukottai(Uzhavar Sandhai ),Safeda,5000.0,6000.0,5500.0,2026,7,29,210,2,31,5500.0,5750.0,5500.0,0.0,-250.0,5666.666666666667,5642.857142857143,133.63062095621214,5540.042,40.0419921875,0.7280362215909091
2026-07-29,Telangana,Ranga Reddy,Gaddiannaram APMC,Langra,2000.0,6000.0,3000.0,2026,7,29,210,2,31,2800.0,2777.8,3000.0,200.0,222.19999999999985,2792.6,2882.542857142857,110.1510910392764,3058.917,58.9169921875,1.9638997395833333
2026-07-29,Telangana,Ranga Reddy,Gaddiannaram APMC,Neelam,1666.68,6111.16,4444.48,2026,7,29,210,2,31,3333.36,3888.92,2777.8,1111.1199999999994,555.5599999999995,3425.9533333333334,2976.214285714286,524.954856562516,3791.9446,-652.5354199218746,-14.681929492806237
2026-07-29,Telangana,Ranga Reddy,Gaddiannaram APMC,Totapuri,1666.68,4444.48,2777.8,2026,7,29,210,2,31,2222.24,2222.24,2222.24,555.5600000000004,555.5600000000004,2314.8333333333335,2420.654285714286,264.22148353588705,2766.256,-11.543896484375182,-0.415576948821916
2026-07-29,Uttar Pradesh,Badaun,Shahaswan APMC,Other,2500.0,3050.0,3000.0,2026,7,29,210,2,31,3000.0,2600.0,2600.0,0.0,400.0,2716.6666666666665,2642.8571428571427,159.23926292577116,2963.8674,-36.132568359375,-1.2044189453125
2026-07-29,Uttar Pradesh,Mau(Maunathbhanjan),Kopaganj APMC,Dusheri,3330.0,3400.0,3340.0,2026,7,29,210,2,31,3350.0,3320.0,3330.0,-10.0,20.0,3336.6666666666665,3337.1428571428573,22.146697055682587,3264.7583,-75.24169921875,-2.2527454855913174
2026-07-29,Uttar Pradesh,Rampur,Bilaspur APMC,Dusheri,2700.0,3100.0,2900.0,2026,7,29,210,2,31,3000.0,2750.0,2500.0,-100.0,150.0,2850.0,2700.0,180.2775637732003,2935.94,35.93994140625,1.2393083243534484
2026-07-29,Uttar Pradesh,Shamli,Khandhla APMC,Dusheri,4800.0,4900.0,4850.0,2026,7,29,210,2,31,4920.0,4920.0,4950.0,-70.0,-70.0,4920.0,4931.428571428572,14.63850109422845,4978.4185,128.41845703125,2.647803237757732
2026-07-29,Uttarakhand,Dehradoon,Dehradoon APMC,Other,1850.0,2500.0,2000.0,2026,7,29,210,2,31,2050.0,2650.0,2500.0,-50.0,-650.0,2483.3333333333335,2375.0,294.7456530637888,2161.2595,161.259521484375,8.06297607421875
2026-07-29,Uttarakhand,Dehradoon,Rishikesh APMC,Chausa,4800.0,6000.0,5050.0,2026,7,29,210,2,31,5000.0,5000.0,4500.0,50.0,50.0,5000.0,4728.571428571428,256.34797778466344,5042.878,-7.1220703125,-0.1410310952970297
2026-07-29,Uttarakhand,Dehradoon,Rishikesh APMC,Langra,2500.0,4700.0,3600.0,2026,7,29,210,2,31,3650.0,3500.0,3200.0,-50.0,100.0,3583.3333333333335,3378.5714285714284,197.60470401186944,3653.1282,53.128173828125,1.4757826063368056
2026-07-29,Uttarakhand,Dehradoon,Vikasnagar APMC,Other,500.0,900.0,900.0,2026,7,29,210,2,31,800.0,1000.0,1900.0,100.0,-100.0,933.3333333333334,1085.7142857142858,384.83144114694954,1063.3456,163.3455810546875,18.14950900607639
2026-07-29,Uttarakhand,Garhwal (Pauri),Kotadwara APMC,Other,2800.0,2800.0,2800.0,2026,7,29,210,2,31,2800.0,2500.0,1900.0,0.0,300.0,2700.0,2371.4285714285716,372.8908942943213,2752.7102,-47.289794921875,-1.6889212472098216
2026-07-29,Uttarakhand,Haridwar,Haridwar Union APMC,Other,1500.0,2500.0,2000.0,2026,7,29,210,2,31,2500.0,2500.0,2500.0,-500.0,-500.0,2333.3333333333335,2357.1428571428573,243.97501823713327,2246.1553,246.1552734375,12.307763671875
2026-07-29,Uttarakhand,Haridwar,Manglaur APMC,Other,1000.0,1800.0,1500.0,2026,7,29,210,2,31,1200.0,1200.0,900.0,300.0,300.0,1300.0,1171.428571428571,188.98223650461344,1468.3997,-31.600341796875,-2.106689453125
2026-07-29,Uttarakhand,Haridwar,Roorkee APMC,Other,1200.0,2000.0,1500.0,2026,7,29,210,2,31,1600.0,1500.0,1500.0,-100.0,0.0,1566.6666666666667,1528.571428571429,48.79500364742671,1641.6224,141.6224365234375,9.441495768229165
2026-07-29,Uttarakhand,Nanital,Haldwani APMC,Other,800.0,2500.0,1500.0,2026,7,29,210,2,31,1500.0,2500.0,2250.0,0.0,-1000.0,2066.6666666666665,2064.285714285714,330.0432872042263,1759.37,259.3699951171875,17.2913330078125
2026-07-29,Uttarakhand,Udhamsinghnagar,Jaspur(UC) APMC,Other,2800.0,2800.0,2800.0,2026,7,29,210,2,31,3425.0,2631.0,1800.0,-625.0,169.0,3107.0,2619.1428571428573,598.0583663187145,2829.1548,29.15478515625,1.0412423270089286
2026-07-29,Uttarakhand,Udhamsinghnagar,Kicchha APMC,Chausa,3000.0,4000.0,3500.0,2026,7,29,210,2,31,3500.0,3500.0,3500.0,0.0,0.0,3500.0,3514.285714285714,37.796447300924285,3563.5867,63.586669921875,1.8167619977678573
2026-07-29,Uttarakhand,Udhamsinghnagar,Rudrapur APMC,Other,4000.0,8000.0,6000.0,2026,7,29,210,2,31,5000.0,4000.0,3000.0,1000.0,2000.0,4666.666666666667,4000.0,999.9999999999995,5343.3384,-656.66162109375,-10.9443603515625
2026-07-29,West Bengal,Kolkata,Mechua APMC,Other,6300.0,6700.0,6500.0,2026,7,29,210,2,31,6500.0,6200.0,5600.0,0.0,300.0,6300.0,6014.285714285715,307.8342163598855,6476.067,-23.93310546875,-0.36820162259615385
