variety,records,mae,mean_actual_price,mean_predicted_price
Keshar,16,1185.249740600586,3609.375,3645.1746
Other,1011,430.28895214167596,4189.480712166172,4113.7725
Amrapali,41,322.099639148247,4612.195121951219,4455.1914
Fazli,2,317.499267578125,3450.0,3132.5007
Raspuri,2,284.6978759765625,2100.0,2384.6978
Langra,43,273.09867823401163,2740.6976744186045,2733.5828
Badami,38,254.56074282997534,2910.0,2728.143
Safeda,43,217.60927847928778,3413.953488372093,3296.767
Dusheri,445,196.83920048060043,2808.7191011235955,2692.9968
Chausa,128,158.54741954803467,3183.6171875,3088.0583
Totapuri,18,144.16753980848523,1422.2222222222222,1459.2988
Neelam,8,30.023147583007812,1106.25,1124.694
